val_image,train_image,md5
syn_negative_00005.jpg,syn_negative_00005.jpg,f9bc023b0a0602cb244098ac87d9487d
syn_negative_00008.jpg,syn_negative_00008.jpg,c2f388db0ca17ee285495bd42ce3e7ac
syn_negative_00021.jpg,syn_negative_00021.jpg,d5de3a8297e2021559ee415f5c794dfc
syn_negative_00026.jpg,syn_negative_00026.jpg,a608d7f4923e3b2d6cb041d44ed03736
syn_negative_00035.jpg,syn_negative_00035.jpg,1fc07217a297a30344068acdf7b9a07f
syn_negative_00038.jpg,syn_negative_00038.jpg,b3a2b3ee9f05df48aa1b70d0a94ac41e
syn_negative_00054.jpg,syn_negative_00054.jpg,468cfc0a8e4dd054b46aec0a6a8e57aa
syn_negative_00058.jpg,syn_negative_00058.jpg,ee40c355e638ed4c6b11a9271394cc1c
syn_negative_00059.jpg,syn_negative_00059.jpg,b285ec15cb872ec7fe4316263afabe03
syn_negative_00067.jpg,syn_negative_00067.jpg,1893b9cb2cb4d631c18756c2ea6fa6a0
syn_negative_00083.jpg,syn_negative_00083.jpg,d9f5f5e4342ee6ec3ee6cf52d3225a46
syn_negative_00086.jpg,syn_negative_00086.jpg,dd383fd138f713055c18122068b1757c
syn_negative_00087.jpg,syn_negative_00087.jpg,22661564f6b5c21e77c46fb57da21d56
syn_negative_00088.jpg,syn_negative_00088.jpg,e4478a6eaa9e30d3ba7357bebbb9ebae
syn_negative_00099.jpg,syn_negative_00099.jpg,a6b055bb5d695722d6649f4f2b6ce285
syn_negative_00119.jpg,syn_negative_00119.jpg,bb23eeefb49cbe2e89465063ecce0dea
syn_negative_00121.jpg,syn_negative_00121.jpg,53fec10e18c302e62d41343e5d40e946
syn_negative_00132.jpg,syn_negative_00132.jpg,3973baf267963a09d2fde21cf9a83bb1
syn_negative_00135.jpg,syn_negative_00135.jpg,cbde4d59a4b530263fb30be358927c1e
syn_negative_00139.jpg,syn_negative_00139.jpg,004ea97b2699a6f0a619f068beba71da
syn_negative_00142.jpg,syn_negative_00142.jpg,277746a66687d47e9498158282d1dcd0
syn_negative_00156.jpg,syn_negative_00156.jpg,679205bcf601938227b3d9de4eed6dbc
syn_negative_00157.jpg,syn_negative_00157.jpg,4eb3b681fb02aa4e521bf9e94de832ac
syn_negative_00159.jpg,syn_negative_00159.jpg,a04c6737756e59fad00e71c210f9ab1f
syn_negative_00168.jpg,syn_negative_00168.jpg,7ab54dca088dbc0ed6f54ee2fbba6106
syn_negative_00185.jpg,syn_negative_00185.jpg,0e600e19d5a0adac74454472a8bd1241
syn_negative_00196.jpg,syn_negative_00196.jpg,267c1950a5ea487041adbf29a10c4a45
syn_negative_00197.jpg,syn_negative_00197.jpg,1c3dbf692125b1f4c7afce298b5888a4
syn_negative_00202.jpg,syn_negative_00202.jpg,0786ff26d2e48b5de7e0397638e1a213
syn_negative_00208.jpg,syn_negative_00208.jpg,2d22be25a3fc35d41e5b04722e57654b
syn_negative_00209.jpg,syn_negative_00209.jpg,290da6dc0e8ddd6d886ed1ede0adae16
syn_negative_00215.jpg,syn_negative_00215.jpg,b07fe997a35a12010cf255c19e7f45ea
syn_negative_00219.jpg,syn_negative_00219.jpg,9a83aa2c4de23148de7684ac3af64603
syn_negative_00221.jpg,syn_negative_00221.jpg,67b69c6847d974c588a24170579f1447
syn_negative_00225.jpg,syn_negative_00225.jpg,7dbe26569611cf207c0886c78890e1d0
syn_negative_00228.jpg,syn_negative_00228.jpg,c3e03ca9aee30433328e202da5916be9
syn_negative_00231.jpg,syn_negative_00231.jpg,f273ca87742cbeb9df474b859fcec6b5
syn_negative_00233.jpg,syn_negative_00233.jpg,e5786b9a490be153e30a74ea8171cc1d
syn_negative_00236.jpg,syn_negative_00236.jpg,3fcb0980bf088c70a47b9db79f933b06
syn_negative_00238.jpg,syn_negative_00238.jpg,7271faaa9bcf2202437b9208cc0d8610
syn_negative_00242.jpg,syn_negative_00242.jpg,628556d08f92fd121fbf6f37740c7283
syn_negative_00243.jpg,syn_negative_00243.jpg,ce747f98ff8b70a0491ff9ca013f06de
syn_negative_00244.jpg,syn_negative_00244.jpg,38ea7a9c93e36521edce497cb619b1ba
syn_negative_00250.jpg,syn_negative_00250.jpg,8002f8cbb4221e852e0e68d6a459c9a5
syn_negative_00251.jpg,syn_negative_00251.jpg,2c050f6877aacfbc85e981755f5dc15c
syn_negative_00253.jpg,syn_negative_00253.jpg,5a381fafbbe07151e2715ab34ac2d98e
syn_negative_00254.jpg,syn_negative_00254.jpg,c044d40ed8bbb4f076caa7e19aa4faa8
syn_negative_00256.jpg,syn_negative_00256.jpg,5bc189252377ee6cf94a4798b27e88d7
syn_negative_00263.jpg,syn_negative_00263.jpg,15a41510ef4d24a3cd9fb49732269867
syn_negative_00266.jpg,syn_negative_00266.jpg,1678ff90ebc3987c063d02847e4bbf5e
syn_negative_00268.jpg,syn_negative_00268.jpg,7bf73e6a2debd36ef663a4c6ef6a25c9
syn_negative_00275.jpg,syn_negative_00275.jpg,fc67992394be509b1c5a85179b137c8c
syn_negative_00277.jpg,syn_negative_00277.jpg,44fe525c58b709b459849e1074b17f4c
syn_negative_00278.jpg,syn_negative_00278.jpg,9440beefa1c202663ebe702f1a4b524b
syn_negative_00280.jpg,syn_negative_00280.jpg,825013cc8c58b9ed0f66717c0e71f672
syn_negative_00284.jpg,syn_negative_00284.jpg,2c652fa7d8f011bbb2390d5f48e33673
syn_negative_00291.jpg,syn_negative_00291.jpg,6f9cf92fb3c1b16bcd094b0818f78487
syn_negative_00293.jpg,syn_negative_00293.jpg,0477c7f48c50ea78d4af84ee17e8a078
syn_negative_00294.jpg,syn_negative_00294.jpg,4154c4c47045312a3af6a8969b7dfe62
syn_negative_00299.jpg,syn_negative_00299.jpg,58684e75151b553cdf841ae27f3fa9cb
syn_negative_00301.jpg,syn_negative_00301.jpg,bbc1df6881d9888d6d0447fa2e0a7db5
syn_negative_00315.jpg,syn_negative_00315.jpg,76b5b261fb309913fb97cb8d645a4d50
syn_negative_00328.jpg,syn_negative_00328.jpg,0744eab5b43a756194aa6b55efeac5a1
syn_negative_00333.jpg,syn_negative_00333.jpg,31597366d9332c8138949d86446395ad
syn_negative_00334.jpg,syn_negative_00334.jpg,a244528031c8958dd2d8cd0e69b70de0
syn_negative_00342.jpg,syn_negative_00342.jpg,cf52cf14f078ce6e6351039433441edf
syn_negative_00345.jpg,syn_negative_00345.jpg,89a472effe9d00546ab26d5ad7e0884a
syn_negative_00351.jpg,syn_negative_00351.jpg,c4b0eb83c7d7b37fc94182b5bf59b523
syn_negative_00352.jpg,syn_negative_00352.jpg,b47feb6f336023b76fc43296d27df331
syn_negative_00367.jpg,syn_negative_00367.jpg,d0b4176d524698e1d7a46ffac9e1161b
syn_negative_00370.jpg,syn_negative_00370.jpg,853fb4abf312a6b6a85d552c20d5def3
syn_negative_00375.jpg,syn_negative_00375.jpg,e17278e04982119f21f54e98cbe8823f
syn_negative_00378.jpg,syn_negative_00378.jpg,424bcdff0528e3ff429dfea063c7c793
syn_negative_00379.jpg,syn_negative_00379.jpg,4508c5b5d444a1ff1be8d2b81d1ef664
syn_negative_00380.jpg,syn_negative_00380.jpg,1ab920daf5f00548644757ada6219cca
syn_negative_00385.jpg,syn_negative_00385.jpg,61e2641291f03762c0a9c8a67e28cad8
syn_negative_00386.jpg,syn_negative_00386.jpg,3bfc05be557a5af47600b8edd1a1c20e
syn_negative_00392.jpg,syn_negative_00392.jpg,b4f8ec2e00f4cec8875f64292fb4b8b3
syn_negative_00396.jpg,syn_negative_00396.jpg,5d31c317a180940466010cb52979572c
syn_negative_00402.jpg,syn_negative_00402.jpg,71e4c230615d6d8bd1119cdcab9fe7df
syn_negative_00409.jpg,syn_negative_00409.jpg,0e81eaf7c5d109d02e9bc5a499b9ddfe
syn_negative_00410.jpg,syn_negative_00410.jpg,fe105022b846f04547bd6a924198ae32
syn_negative_00420.jpg,syn_negative_00420.jpg,67660c4663c9c008517b209e6bd407be
syn_negative_00429.jpg,syn_negative_00429.jpg,c5cca0a6d1b57b44419568ad8c9f19b2
syn_negative_00444.jpg,syn_negative_00444.jpg,ddeb8c5b34fa47e990d6d60824a93ef4
syn_negative_00446.jpg,syn_negative_00446.jpg,9654899fec883b14a45b73d93d76d117
syn_negative_00455.jpg,syn_negative_00455.jpg,64f67c58de085fc11c198e23c3d960c6
syn_negative_00459.jpg,syn_negative_00459.jpg,17e7b4bd57d5fae06607bd2802bfcd9f
syn_negative_00462.jpg,syn_negative_00462.jpg,f294c3a089dd5d40cfeebb7e3b3974d0
syn_negative_00466.jpg,syn_negative_00466.jpg,1f754f038f5b4d2b27732dd07bc00989
syn_negative_00472.jpg,syn_negative_00472.jpg,7fdcaad5317b3819f16efbb8a1a9113e
syn_negative_00476.jpg,syn_negative_00476.jpg,28c47874c8de4df5382d8fe01e022a62
syn_negative_00495.jpg,syn_negative_00495.jpg,be448a8780bc1d444a8a4509d1e9f4dc
syn_negative_00501.jpg,syn_negative_00501.jpg,682d7b4a1588a45c8ab027cb5321dccd
syn_negative_00513.jpg,syn_negative_00513.jpg,c1fc48adfd6dfe4adaf319474d265a3c
syn_negative_00518.jpg,syn_negative_00518.jpg,5042168879789f7d429e8f8f02f699c8
syn_negative_00528.jpg,syn_negative_00528.jpg,db1f7bc7c31f5f72ce48600078cb3c40
syn_negative_00531.jpg,syn_negative_00531.jpg,d0305f8a018c7b563cfebb80591d86a0
syn_negative_00558.jpg,syn_negative_00558.jpg,f9df556a17935baf566055bd025265f1
syn_negative_00559.jpg,syn_negative_00559.jpg,8319329189c8c1eb596e0aa248199501
syn_negative_00567.jpg,syn_negative_00567.jpg,5a5448d44b3093f8729ccc00ee68e7bb
syn_negative_00568.jpg,syn_negative_00568.jpg,a13e25722ba3e6f004c53d1e755eb0fd
syn_negative_00570.jpg,syn_negative_00570.jpg,4ef5ac8e9f6398480f50be9f01730c1a
syn_negative_00571.jpg,syn_negative_00571.jpg,991a95128dde4172a1ad1a65ccc86fd2
syn_negative_00576.jpg,syn_negative_00576.jpg,55e4bc96f5efda83308467549d8c31fe
syn_negative_00577.jpg,syn_negative_00577.jpg,60ee61203a9e764113499d532d460bd1
syn_negative_00580.jpg,syn_negative_00580.jpg,f935ffd0ee9b16884d78774d00e240ca
syn_negative_00590.jpg,syn_negative_00590.jpg,eeca98eb90b8eda105302d17874c9992
syn_negative_00592.jpg,syn_negative_00592.jpg,599f6d63fb960e9d9861ba0072aeea13
syn_negative_00595.jpg,syn_negative_00595.jpg,9e7bede462117a4b1a35b73dce3ccbc8
syn_negative_00597.jpg,syn_negative_00597.jpg,66aa84c7ca373c7ba06ab8299b11a052
syn_negative_00614.jpg,syn_negative_00614.jpg,bdfdbb6b43c057ae5f0cd5be0e944385
syn_negative_00616.jpg,syn_negative_00616.jpg,624f38ad6c99a13d1449196e33c3765b
syn_negative_00617.jpg,syn_negative_00617.jpg,6467d9b46f2e206613eefba22ae01e7b
syn_negative_00622.jpg,syn_negative_00622.jpg,c7dff3841e8fa5611dd4a60c4fff24b2
syn_negative_00623.jpg,syn_negative_00623.jpg,203516eccfbb4700d02a0c19ecfcf2c6
syn_negative_00629.jpg,syn_negative_00629.jpg,f9f5ea7d2a386c15233165b104fae2c9
syn_negative_00638.jpg,syn_negative_00638.jpg,d04dfc0bb39054324772209bdedf976b
syn_negative_00643.jpg,syn_negative_00643.jpg,5336fbde25f0d48e29931c74f263f27c
syn_negative_00647.jpg,syn_negative_00647.jpg,eb48e52f806cb7d3929616e7f718e674
syn_negative_00654.jpg,syn_negative_00654.jpg,c488c91826e8b3d1095bdf90cc8f7357
syn_negative_00660.jpg,syn_negative_00660.jpg,96378e2e1784a4a91bf08e6b459c5b80
syn_negative_00671.jpg,syn_negative_00671.jpg,c52d57f3654502a3ca11287c2950a8b2
syn_negative_00693.jpg,syn_negative_00693.jpg,9c4ea9d74ad93fe65c878b51c3c15536
syn_negative_00696.jpg,syn_negative_00696.jpg,b9e69d376dfaa88605f9d2a5921d27dc
syn_negative_00700.jpg,syn_negative_00700.jpg,51f9d6fa98628e2bad99a089d60c02a2
syn_negative_00719.jpg,syn_negative_00719.jpg,c3926ebd3b6430c7c4cf2a223187f835
syn_negative_00726.jpg,syn_negative_00726.jpg,f82fbe9d6d338e5ec0cac2f208dcc43a
syn_negative_00729.jpg,syn_negative_00729.jpg,f0973a2b11e92cbcff083c5c460e762e
syn_negative_00731.jpg,syn_negative_00731.jpg,70c214217f0e106023fcf8e9aa1dc32d
syn_negative_00739.jpg,syn_negative_00739.jpg,28121b8b4bda5349c169fe73dd7e2d56
syn_negative_00740.jpg,syn_negative_00740.jpg,cecf0d41f3083e053933d65c7ea68b76
syn_negative_00742.jpg,syn_negative_00742.jpg,0f11dd2a586dfd96fe8a56cbb1541f97
syn_negative_00744.jpg,syn_negative_00744.jpg,1f6647c67e0e89340a7bdaf02bfb94a6
syn_negative_00750.jpg,syn_negative_00750.jpg,ab3af04635857fef2b72cf6c375e36ee
syn_negative_00752.jpg,syn_negative_00752.jpg,7afa00fa5ac6e03fee9440ceb5481ca7
syn_negative_00763.jpg,syn_negative_00763.jpg,5554ab1b05bee8cff2391bd2230a3f74
syn_negative_00764.jpg,syn_negative_00764.jpg,2a9d81a7a26bca55de150217c100fea5
syn_negative_00777.jpg,syn_negative_00777.jpg,b6c4068c042d081a802f6d699dcb2638
syn_negative_00788.jpg,syn_negative_00788.jpg,87d8b9408b85cff6e2d809aaebcc7703
syn_negative_00808.jpg,syn_negative_00808.jpg,6549181e554673b4a53bfc67367f42cd
syn_negative_00811.jpg,syn_negative_00811.jpg,c93e7d79cb94cbc90006e6fbcea29bdb
syn_negative_00819.jpg,syn_negative_00819.jpg,ccfb0757dc44f613e76b009563f7f3f4
syn_negative_00820.jpg,syn_negative_00820.jpg,0dc82b2bc35fa6a4354ad2dddba6e5c3
syn_negative_00827.jpg,syn_negative_00827.jpg,a4608d60721c8e6639848bfe89f84566
syn_negative_00828.jpg,syn_negative_00828.jpg,7ea37228935efbfd0f1ef60ade4e236a
syn_negative_00834.jpg,syn_negative_00834.jpg,64e45d50b4fa81319911cc6d540d24e7
syn_negative_00843.jpg,syn_negative_00843.jpg,b6bc31eb8917679aa0b90453db60bf45
syn_negative_00859.jpg,syn_negative_00859.jpg,b67e8dadc0ad2fddac31ac4cc0427b18
syn_negative_00868.jpg,syn_negative_00868.jpg,d909a572e8d47347cf07b5b08c9cd6b9
syn_negative_00869.jpg,syn_negative_00869.jpg,a18162432977042303d17563fec64d41
syn_negative_00870.jpg,syn_negative_00870.jpg,f26c29ea65858d731de2a66845925f56
syn_negative_00876.jpg,syn_negative_00876.jpg,25f75ff2e64bf6cfb13820367f500673
syn_negative_00883.jpg,syn_negative_00883.jpg,209d7faddc297d903961bbfa50e38dc2
syn_negative_00893.jpg,syn_negative_00893.jpg,ab36dc6cfd9ad95c7589d123d5d8019d
syn_negative_00897.jpg,syn_negative_00897.jpg,6cb6aa408836700657b8ee096bfe68ae
syn_negative_00900.jpg,syn_negative_00900.jpg,48dd10e495bed96284cf9c24910f8cd9
syn_negative_00909.jpg,syn_negative_00909.jpg,a2223bba041e09b1c8d1f4ab7d3b184a
syn_negative_00931.jpg,syn_negative_00931.jpg,ee0d2e32c13b9fd3c96dd7d8f066e949
syn_negative_00935.jpg,syn_negative_00935.jpg,fd9c5c25582fbda9181de60c87169b52
syn_negative_00943.jpg,syn_negative_00943.jpg,25a81e60c45eb559a089354648964d98
syn_negative_00944.jpg,syn_negative_00944.jpg,bdcb0fc67ee64e9255fce98590c1acd7
syn_negative_00949.jpg,syn_negative_00949.jpg,964b9896adabed718163cfd27ba69eae
syn_negative_00954.jpg,syn_negative_00954.jpg,dcf86e588e5e57b6d14877495dc54d75
syn_negative_00960.jpg,syn_negative_00960.jpg,fe254a2cd0f8e5c43ccdc735537082b1
syn_negative_00967.jpg,syn_negative_00967.jpg,7527186677722f4094347a5448d1bdf4
syn_negative_00972.jpg,syn_negative_00972.jpg,1023f982cc9ae98c0dfea93ca35c175b
syn_negative_00982.jpg,syn_negative_00982.jpg,45dce04a86936a9c5aecca1c21137bf0
syn_negative_00991.jpg,syn_negative_00991.jpg,99d3b709824b44da74b23ea415a82f06
syn_negative_00993.jpg,syn_negative_00993.jpg,44594b23c1a6f660240ee877c043b09f
syn_negative_01002.jpg,syn_negative_01002.jpg,68045127ae5809c14ee7488a37f22817
syn_negative_01004.jpg,syn_negative_01004.jpg,c6d8a9b0056b00960716bd3dc1cb3a9a
syn_negative_01006.jpg,syn_negative_01006.jpg,edc3500e32fe4e5715d8811834fa9695
syn_negative_01007.jpg,syn_negative_01007.jpg,2b41ac0b2bd0ad0d1bce9dda2207ac26
syn_negative_01009.jpg,syn_negative_01009.jpg,e474249e4ac5332094fda1769c3b8a8f
syn_negative_01011.jpg,syn_negative_01011.jpg,0ede6f067b2762401b46ccbaad7070c6
syn_negative_01015.jpg,syn_negative_01015.jpg,14074513129e30d5276d5e634da02bbf
syn_negative_01018.jpg,syn_negative_01018.jpg,f7405166ac7b9c3aae9d051699e4aa9b
syn_negative_01022.jpg,syn_negative_01022.jpg,0652c7694784abd584b8a17c4d9d0512
syn_negative_01030.jpg,syn_negative_01030.jpg,b0de09f3d257de1f2e0f8a3fff25d452
syn_negative_01032.jpg,syn_negative_01032.jpg,ac54b1bfe621b15436e2f2c2531c1170
syn_negative_01034.jpg,syn_negative_01034.jpg,ca1f26701417185956a3eb91eaddfca0
syn_negative_01049.jpg,syn_negative_01049.jpg,64812c6a424b7c545fb41cfea9319ec5
syn_negative_01051.jpg,syn_negative_01051.jpg,ee865b8badb970c6f54cdc4b80279013
syn_negative_01052.jpg,syn_negative_01052.jpg,8a9e2a4b543b9449e75174260c1566bf
syn_negative_01053.jpg,syn_negative_01053.jpg,62cab044ec3d4fd984f2b6ddf7c68a8b
syn_negative_01061.jpg,syn_negative_01061.jpg,0b0456c796250465b1d7c2b7646a2725
syn_negative_01064.jpg,syn_negative_01064.jpg,c94c55a15ddfe1df2699c4fa6407e3b2
syn_negative_01070.jpg,syn_negative_01070.jpg,d1d82bb1ebf7bf9e41763be2df42773f
syn_negative_01076.jpg,syn_negative_01076.jpg,1da550ae5a2ca94e0eb7715816fcc739
syn_negative_01083.jpg,syn_negative_01083.jpg,f7aba5cea61c75ff502b0964671b5d94
syn_negative_01089.jpg,syn_negative_01089.jpg,b4077698ac2fd4a8a528facd48ba5ae4
syn_negative_01094.jpg,syn_negative_01094.jpg,01c89d0db0136b5b3824bf955896bfc4
syn_negative_01100.jpg,syn_negative_01100.jpg,696aa8871592981308d6bd42897e6821
syn_negative_01113.jpg,syn_negative_01113.jpg,fbb522fe7384a2336cf5aaa18a69e182
syn_negative_01128.jpg,syn_negative_01128.jpg,119cbed8927ec4739f2c2cb20d70e57d
syn_negative_01134.jpg,syn_negative_01134.jpg,b86c321bacda22a33074dbfa21f3973c
syn_negative_01141.jpg,syn_negative_01141.jpg,d8c47bcc4f98359b0b828e3ecbc9cf31
syn_negative_01144.jpg,syn_negative_01144.jpg,04916cc336c912c434e4ca9c6f31ea4e
syn_negative_01158.jpg,syn_negative_01158.jpg,4c794a2a900ba381b6f58eb195bb56fb
syn_negative_01163.jpg,syn_negative_01163.jpg,02426968cce344c17601d0d8f29e8966
syn_negative_01167.jpg,syn_negative_01167.jpg,2ac117a607b30acc0d198f44894d8b46
syn_negative_01184.jpg,syn_negative_01184.jpg,3a902101ebad3eb415814357840f6e45
syn_negative_01187.jpg,syn_negative_01187.jpg,9ef6e1e0e50eaf24ae91396325c1615e
syn_negative_01190.jpg,syn_negative_01190.jpg,2bb4d4ab85773d964a15a3a155de7826
syn_negative_01191.jpg,syn_negative_01191.jpg,691ff831a8d3fe505e9d71d2848e068c
syn_negative_01198.jpg,syn_negative_01198.jpg,45adde3c05f280485ad308423fff43ed
syn_negative_01203.jpg,syn_negative_01203.jpg,8a9b8e1504541da761338e9bacc2d7ba
syn_negative_01207.jpg,syn_negative_01207.jpg,ff7ca00993dc43d1fbdfbb89ba8734fa
syn_negative_01209.jpg,syn_negative_01209.jpg,9ef19d0909084bad7fa04179c1323d8e
syn_negative_01214.jpg,syn_negative_01214.jpg,d22a2c59a600abf8e88f2802edc9c57e
syn_negative_01215.jpg,syn_negative_01215.jpg,97bb5de77672e417cfc37b8d42866bf2
syn_negative_01223.jpg,syn_negative_01223.jpg,11a40458d6a164561754932e4519ecb1
syn_negative_01226.jpg,syn_negative_01226.jpg,719300a2baae0f458040df88641e6fef
syn_negative_01229.jpg,syn_negative_01229.jpg,953934bd031176e89e7dbf05472fc62f
syn_negative_01232.jpg,syn_negative_01232.jpg,4ca31526ae656b8cafbe48bbd4b6adff
syn_negative_01235.jpg,syn_negative_01235.jpg,5762fc9ce8d6c5425f57cde40f24b704
syn_negative_01255.jpg,syn_negative_01255.jpg,18edc7d4223cbb99ef468d93a25a7eb1
syn_negative_01256.jpg,syn_negative_01256.jpg,11ee5bbbd45617d78871f6434679b74f
syn_negative_01286.jpg,syn_negative_01286.jpg,37693b00c1e90e4f66b0d8d7fcb8040b
syn_negative_01303.jpg,syn_negative_01303.jpg,6d7217f89cb50cd023cfa34679468081
syn_negative_01308.jpg,syn_negative_01308.jpg,4a9c2337bda6054bfb8898f482497f84
syn_negative_01311.jpg,syn_negative_01311.jpg,a07600de6b00526b1040df5ccd4f09cb
syn_negative_01318.jpg,syn_negative_01318.jpg,3fe3476252c3776af4ac7ccce6178c1c
syn_negative_01320.jpg,syn_negative_01320.jpg,95ce6d18e4102fa85620994ea37c4b44
syn_negative_01339.jpg,syn_negative_01339.jpg,a2462d909e9960f3edb7bc7dfa498309
syn_negative_01348.jpg,syn_negative_01348.jpg,8c73dd4807cd20be8f37d74aaf3ebfc1
syn_negative_01363.jpg,syn_negative_01363.jpg,fdeacfc3415006fd601a3c784737102f
syn_negative_01365.jpg,syn_negative_01365.jpg,c280d1757fe3e461584f49d7b457da99
syn_negative_01367.jpg,syn_negative_01367.jpg,2cf506084c09b3dc7f3a4454761eb0bd
syn_negative_01373.jpg,syn_negative_01373.jpg,1d4087236c478166fb84e46522ec7a64
syn_negative_01376.jpg,syn_negative_01376.jpg,7784541e078929031771cd785ed12879
syn_negative_01380.jpg,syn_negative_01380.jpg,de70d10ef5ae940ba8bdc6ec1f070c2f
syn_negative_01385.jpg,syn_negative_01385.jpg,efcc4d6f62b50bef9407924f189a9158
syn_negative_01390.jpg,syn_negative_01390.jpg,ddbe9842d1266e2f9b383efec5931f43
syn_negative_01404.jpg,syn_negative_01404.jpg,36a7b9741aa41ffbcfeba43a9becf69f
syn_negative_01407.jpg,syn_negative_01407.jpg,00467536902b5ac38ce4f77bc8889938
syn_negative_01408.jpg,syn_negative_01408.jpg,2adddfc278fa595fa5db504b2a51c3a9
syn_negative_01409.jpg,syn_negative_01409.jpg,b51f552436d9fe0a7a935ce789489269
syn_negative_01414.jpg,syn_negative_01414.jpg,81416918050332462d1b3d1a2add3d34
syn_negative_01415.jpg,syn_negative_01415.jpg,9ee89ab5888c7cb91e7921803fbcbcdb
syn_negative_01419.jpg,syn_negative_01419.jpg,eb9a003c9ffb2b1f3106a9f66ff1dbb4
syn_negative_01421.jpg,syn_negative_01421.jpg,4034cecd40f76efd211900114a86c89f
syn_negative_01443.jpg,syn_negative_01443.jpg,a50ab37439a928af1b060169bc9a01e0
syn_negative_01449.jpg,syn_negative_01449.jpg,d0cb82500c232497cdcd0e4ff438e9b2
syn_negative_01454.jpg,syn_negative_01454.jpg,3a90331c619803df0d4e2db8d46ca092
syn_negative_01461.jpg,syn_negative_01461.jpg,8faae6ad26546d086a30204df9562242
syn_negative_01465.jpg,syn_negative_01465.jpg,bf3755ee1786b549a0b02ec5723e1293
syn_negative_01478.jpg,syn_negative_01478.jpg,98856c6030d368b9e80f17b9957d78b8
syn_negative_01485.jpg,syn_negative_01485.jpg,8b695a22d570cfd42645180e8c8b3463
syn_negative_01492.jpg,syn_negative_01492.jpg,15fbab3f795c2457e54e9db7b900c898
syn_negative_01501.jpg,syn_negative_01501.jpg,542cd600709fd49023d813edb49e62ba
syn_negative_01507.jpg,syn_negative_01507.jpg,09471f2edb57553ba902c70b897ee5f8
syn_negative_01511.jpg,syn_negative_01511.jpg,4b1298583e52eb54afc790a1d7ef7e07
syn_negative_01518.jpg,syn_negative_01518.jpg,126840e1bf6a95c29ea895543a0e1ea7
syn_negative_01528.jpg,syn_negative_01528.jpg,b24aedc9673076dda7f50e6659114708
syn_negative_01544.jpg,syn_negative_01544.jpg,980f97dd51ff9c75dc034cd1ef986331
syn_negative_01545.jpg,syn_negative_01545.jpg,7ef2a43fa232b2c1969006d18b171c18
syn_negative_01546.jpg,syn_negative_01546.jpg,bf14149b9641cbc44b824627d3ee1b4f
syn_negative_01548.jpg,syn_negative_01548.jpg,4365638dbb615d4f806152a8ea389178
syn_negative_01559.jpg,syn_negative_01559.jpg,826042c9db5e4519ac547d5ed66f1bde
syn_negative_01561.jpg,syn_negative_01561.jpg,6e8b6fac19d0b1c3f40089f81176f300
syn_negative_01562.jpg,syn_negative_01562.jpg,73242743067ff6c3af4db00785996a79
syn_negative_01563.jpg,syn_negative_01563.jpg,8396961f83c092318ef722f52f4a385e
syn_negative_01566.jpg,syn_negative_01566.jpg,7873a2133bff1f350c45a07df3b8fff5
syn_negative_01569.jpg,syn_negative_01569.jpg,92cd4ac10c693d2b4b53adb7e90dcd9f
syn_negative_01572.jpg,syn_negative_01572.jpg,11e53322a02373fc41f15afb50c49fa4
syn_negative_01586.jpg,syn_negative_01586.jpg,84dfe98e69049dc2caedce17576bd0b9
syn_negative_01594.jpg,syn_negative_01594.jpg,504063184a3da19d9ef4b7125b4f0100
syn_negative_01599.jpg,syn_negative_01599.jpg,aa07e975d0f5c575ebb2969c240520c6
syn_negative_01602.jpg,syn_negative_01602.jpg,df4ef61adbc09f33eef30fc34754239c
syn_negative_01605.jpg,syn_negative_01605.jpg,492910cfd620c7252d6e0d568e852929
syn_negative_01620.jpg,syn_negative_01620.jpg,aa8ff99361c704ca1b9ad3eeaf14a074
syn_negative_01624.jpg,syn_negative_01624.jpg,397a5a86e37dda048f8dfc76a5027c82
syn_negative_01628.jpg,syn_negative_01628.jpg,4486ca7ef65960a3aeaf3442b99b9a7c
syn_negative_01638.jpg,syn_negative_01638.jpg,c3ae08109a157db92bc854e4434b6cb2
syn_negative_01643.jpg,syn_negative_01643.jpg,d522bc8cdbc843270d76b8025f84740a
syn_negative_01668.jpg,syn_negative_01668.jpg,ddbd96a8ca05cce51043ca0c5d696601
syn_negative_01670.jpg,syn_negative_01670.jpg,efcb1db823383f9ac2ece2e709591100
syn_negative_01676.jpg,syn_negative_01676.jpg,6bcb7bece595a3cf1404e085a9266174
syn_negative_01685.jpg,syn_negative_01685.jpg,2bfc30c71bce7163d26442f018ff605d
syn_negative_01686.jpg,syn_negative_01686.jpg,2d6de6b477ba7e2ec87af8b26f0c19da
syn_negative_01692.jpg,syn_negative_01692.jpg,f83f68990ef0fc26d794f3fbfe676755
syn_negative_01693.jpg,syn_negative_01693.jpg,6e8bf07806bcbc50a5dd7cb179d38d90
syn_negative_01702.jpg,syn_negative_01702.jpg,ca98a31c0a83a52e56a18fe71d29bbcd
syn_negative_01703.jpg,syn_negative_01703.jpg,8fe3826cf66a8c70e05db058b5a25918
syn_negative_01707.jpg,syn_negative_01707.jpg,254e2251a495111d0047ffc3daf3098e
syn_negative_01708.jpg,syn_negative_01708.jpg,98cef2b8b56245d689230fef1fef8c4e
syn_negative_01709.jpg,syn_negative_01709.jpg,34f25e2662390241d4e65941474e2a3c
syn_negative_01726.jpg,syn_negative_01726.jpg,a667c0c411063ff462450144728f13a2
syn_negative_01728.jpg,syn_negative_01728.jpg,365608a54773afa1dc9b3007c1a49294
syn_negative_01731.jpg,syn_negative_01731.jpg,08a7664393497cb9376b1730b3edafdc
syn_negative_01732.jpg,syn_negative_01732.jpg,16814f6492a3bf315ce9371ccc3339ca
syn_negative_01742.jpg,syn_negative_01742.jpg,38ac034551911a5ed951955f82e72faa
syn_negative_01743.jpg,syn_negative_01743.jpg,b4fb22cfb305df00d75f65ccc6c6f5f2
syn_negative_01754.jpg,syn_negative_01754.jpg,60e313f78bcfa5516987da76b57b95ea
syn_negative_01768.jpg,syn_negative_01768.jpg,4c5b2b58ca9db47fe8e79a772b06851d
syn_negative_01778.jpg,syn_negative_01778.jpg,c0c7e200f31d7f4ebcf33473d8614629
syn_negative_01786.jpg,syn_negative_01786.jpg,9ef7f9454e96662dce308fac3d88b157
syn_negative_01798.jpg,syn_negative_01798.jpg,94f1dfb1f8f8512bf390e45ca4793f2a
syn_negative_01820.jpg,syn_negative_01820.jpg,866c44d3540dc2e3e59e7511c00e63a8
syn_negative_01822.jpg,syn_negative_01822.jpg,62a43fed24bf044256106ced56195d8a
syn_negative_01828.jpg,syn_negative_01828.jpg,4ff49c3adb0c3153fb48159508e0befd
syn_negative_01829.jpg,syn_negative_01829.jpg,216d040807b06d67873a1fde0897939e
syn_negative_01837.jpg,syn_negative_01837.jpg,5b731eebf47018108c9d74ad9f9b0bcb
syn_negative_01840.jpg,syn_negative_01840.jpg,378bb0c5d9f4f7d28681b8e83b8061d3
syn_negative_01846.jpg,syn_negative_01846.jpg,6bdaece25a65ed82eb14170159835e0a
syn_negative_01857.jpg,syn_negative_01857.jpg,8bf6cc9a2c1e1cfbb463faa65d50a4ab
syn_negative_01867.jpg,syn_negative_01867.jpg,184341fc09676dfa1dc10f47c0445036
syn_negative_01870.jpg,syn_negative_01870.jpg,9983dd945160051543318432e283707f
syn_negative_01873.jpg,syn_negative_01873.jpg,40e07971a6c466daa2d54f063e6b6168
syn_negative_01874.jpg,syn_negative_01874.jpg,1dba75cbafc653183b59a2f1b950c2dd
syn_negative_01877.jpg,syn_negative_01877.jpg,737f3737b4080aea6a68a7131c110ce4
syn_negative_01878.jpg,syn_negative_01878.jpg,2321dffbbbd5ea3ed572289b98277e15
syn_negative_01895.jpg,syn_negative_01895.jpg,13526751d8a036f06b9ab2581824db46
syn_negative_01897.jpg,syn_negative_01897.jpg,4a69d099415c4581aef601a3e1443699
syn_negative_01913.jpg,syn_negative_01913.jpg,efe108479a6d41559e193f449738c61c
syn_negative_01924.jpg,syn_negative_01924.jpg,1403fa4c57292798024de76c40373504
syn_negative_01927.jpg,syn_negative_01927.jpg,bc55161dc917b7d30ecd0d1088048261
syn_negative_01934.jpg,syn_negative_01934.jpg,b605591e5e6df04927285e69a55cc41d
syn_negative_01935.jpg,syn_negative_01935.jpg,59ba7c0c1239bb94fe3644ee6a8f27fa
syn_negative_01937.jpg,syn_negative_01937.jpg,44583147f4d9961ee503aa2267f4250c
syn_negative_01946.jpg,syn_negative_01946.jpg,7f025dcd18504ac5b15ee2aa44aaddbb
syn_negative_01950.jpg,syn_negative_01950.jpg,bca7ba24cccf453e47cc706f5cc41ab7
syn_negative_01951.jpg,syn_negative_01951.jpg,68da16167351256516fb2acbc955aa4a
syn_negative_01952.jpg,syn_negative_01952.jpg,057cc46cb2e02d10a306e8d871a7c86e
syn_negative_01957.jpg,syn_negative_01957.jpg,4427c168463288118aaebc709d363610
syn_negative_01980.jpg,syn_negative_01980.jpg,5f7b42ac10c856df66a6937d82454c21
syn_negative_01983.jpg,syn_negative_01983.jpg,c5403c3ec096e0fc7d704ec462743b10
syn_negative_01995.jpg,syn_negative_01995.jpg,9a17278d9aeb8fd9fc9e646f4bd117b1
syn_noose_00003.jpg,syn_noose_00003.jpg,463db385afe62a4dc8941f5ca8fc1d1c
syn_noose_00033.jpg,syn_noose_00033.jpg,e9e096c274efe75d8c657b8940b6bf29
syn_noose_00041.jpg,syn_noose_00041.jpg,b951619206690c6b34d2bba47eb1f7ba
syn_noose_00053.jpg,syn_noose_00053.jpg,07f50841f8a58cac7af6baa866df08e4
syn_noose_00058.jpg,syn_noose_00058.jpg,ad0b1701566b4408a043116eb44a0f09
syn_noose_00062.jpg,syn_noose_00062.jpg,261fd76df72f5a14bb573fb5caddd4b8
syn_noose_00063.jpg,syn_noose_00063.jpg,b5cf1c980b9a9797161f6d616f87e765
syn_noose_00066.jpg,syn_noose_00066.jpg,9476349e7b3980136fa2f16f44a435f5
syn_noose_00071.jpg,syn_noose_00071.jpg,33543bfee54ca2218a52c0322cc9878b
syn_noose_00074.jpg,syn_noose_00074.jpg,d319fde018eb4ac3bec67ce0971407df
syn_noose_00075.jpg,syn_noose_00075.jpg,cae1cb81df9171bd195e76c5e38ab17e
syn_noose_00084.jpg,syn_noose_00084.jpg,dbb73cf944a0d1c26ec0aa78ea99e4e0
syn_noose_00085.jpg,syn_noose_00085.jpg,17b13babdc1d9ed052032bf5e390e6fa
syn_noose_00086.jpg,syn_noose_00086.jpg,3be6057a66d44bbfd784778cebfd5f5d
syn_noose_00089.jpg,syn_noose_00089.jpg,6c5efa357eb15fa6074b044a906b80cf
syn_noose_00090.jpg,syn_noose_00090.jpg,dc10e748138c3302cb4840937cb745b6
syn_noose_00097.jpg,syn_noose_00097.jpg,8d557418048f278c7fecfb398b4f319c
syn_noose_00113.jpg,syn_noose_00113.jpg,e62270d7058a260d4ce356403b852f9f
syn_noose_00122.jpg,syn_noose_00122.jpg,95a6bd6d13cd8a375d72bb7e12388793
syn_noose_00128.jpg,syn_noose_00128.jpg,a6d2becebe71891a4125113edccc22ae
syn_noose_00129.jpg,syn_noose_00129.jpg,610c551748acae4c3fb3aa0cd670f1ab
syn_noose_00132.jpg,syn_noose_00132.jpg,4fbaa56581552b86df7bdaf84659e3f2
syn_noose_00134.jpg,syn_noose_00134.jpg,6e357508d6665ed7325fdd057c0ba4ef
syn_noose_00137.jpg,syn_noose_00137.jpg,39639e0b69749cdfd405f239dbab2337
syn_noose_00149.jpg,syn_noose_00149.jpg,ae6d3dab19303392080c77e86f1a0e57
syn_noose_00151.jpg,syn_noose_00151.jpg,f4c9b5f5beac3e2d3d2828f5bc11ebe5
syn_noose_00153.jpg,syn_noose_00153.jpg,7343fd94eae2887b0078d621c578467b
syn_noose_00157.jpg,syn_noose_00157.jpg,fcc6697a81988c4d75a102653786e4e5
syn_noose_00166.jpg,syn_noose_00166.jpg,addda31f5fa4cf57349c0c153d213c3a
syn_noose_00169.jpg,syn_noose_00169.jpg,b20b64686b4861f917fdd129de5f0a95
syn_noose_00176.jpg,syn_noose_00176.jpg,3a1b0b869a595a0c5253d8c700f4856d
syn_noose_00179.jpg,syn_noose_00179.jpg,038532fa240483bb9524621c53f665a9
syn_noose_00210.jpg,syn_noose_00210.jpg,e9e6204d91bc5289b2dd51b908005f1c
syn_noose_00212.jpg,syn_noose_00212.jpg,b051b3d953943c61a0f4fdab5c48000c
syn_noose_00227.jpg,syn_noose_00227.jpg,b7c519977876076a58a8d1b4df95c6f9
syn_noose_00232.jpg,syn_noose_00232.jpg,6f15041aab5cbe21cabf507b7b671e08
syn_noose_00241.jpg,syn_noose_00241.jpg,5d0edcaa1955f176cdb27672fc727e11
syn_noose_00248.jpg,syn_noose_00248.jpg,191cd4317a9c9745c58b73ade27a39f3
syn_noose_00251.jpg,syn_noose_00251.jpg,dad93f594fb198f34cb1de9c5233f7ba
syn_noose_00254.jpg,syn_noose_00254.jpg,997d0be2af8ac0b89b714ec9ed8b1ffe
syn_noose_00256.jpg,syn_noose_00256.jpg,a974d5020b55ce13e1d1431becf3af45
syn_noose_00258.jpg,syn_noose_00258.jpg,cfce71bcb29b0736833289600c3ad118
syn_noose_00264.jpg,syn_noose_00264.jpg,d4254a94056c812f0e2fa8782c9df3d7
syn_noose_00265.jpg,syn_noose_00265.jpg,2b2e5d6448967e1ca9028080dffaf63b
syn_noose_00273.jpg,syn_noose_00273.jpg,c0338419c75e3aef5ae749af7ba3717b
syn_noose_00276.jpg,syn_noose_00276.jpg,8358a4c836b3708699e9ddf0dbc4a55b
syn_noose_00277.jpg,syn_noose_00277.jpg,349f02ecda619916b005a8dbdbc674ef
syn_noose_00281.jpg,syn_noose_00281.jpg,c4a925fff6c53041f24cfe242e776334
syn_noose_00284.jpg,syn_noose_00284.jpg,b650b5b0ee7349d3c70551aeea2cb2be
syn_noose_00294.jpg,syn_noose_00294.jpg,457831690f578e490d6e5d591e2aeceb
syn_noose_00314.jpg,syn_noose_00314.jpg,72c555f809831b062ad898417e101615
syn_noose_00315.jpg,syn_noose_00315.jpg,f0f808eb56f6e3e1c4b6c1eca39037a1
syn_noose_00331.jpg,syn_noose_00331.jpg,05577413976f281788826357a5c0b9e6
syn_noose_00341.jpg,syn_noose_00341.jpg,ca6cd644bc5936510612f71a764c3749
syn_noose_00345.jpg,syn_noose_00345.jpg,ed285aae26f98bb2f0ec96703e75af22
syn_noose_00353.jpg,syn_noose_00353.jpg,35ae626f86969944a431689087fe3833
syn_noose_00356.jpg,syn_noose_00356.jpg,4417d8325c8edcdbb1c6d23ca8965328
syn_noose_00358.jpg,syn_noose_00358.jpg,f246747ab56a0898cc32b8e067bb1e4e
syn_noose_00369.jpg,syn_noose_00369.jpg,a2c7ff0029f60ffe38b3a78e99f1963a
syn_noose_00372.jpg,syn_noose_00372.jpg,ae25972b579928097b3131d2e71c391e
syn_noose_00373.jpg,syn_noose_00373.jpg,f81aede330f801c8f90e622e036d1b03
syn_noose_00381.jpg,syn_noose_00381.jpg,0e24a92eedce690096ca6eeddea23a09
syn_noose_00382.jpg,syn_noose_00382.jpg,fdc6e34f1752ee6f9e57d08282db268a
syn_noose_00383.jpg,syn_noose_00383.jpg,dd341bde0219bb09a0cf30d03328c4f5
syn_noose_00391.jpg,syn_noose_00391.jpg,b3394ff02a31999b6f5b0f1648e83c40
syn_noose_00402.jpg,syn_noose_00402.jpg,2c04d9675043851b3d5b8aa0b05f91ed
syn_noose_00408.jpg,syn_noose_00408.jpg,77305c719b22780d74ee5a8f5c2c708a
syn_noose_00409.jpg,syn_noose_00409.jpg,a0361024213f74fdd75ef7b025e877b7
syn_noose_00412.jpg,syn_noose_00412.jpg,acc2cbe0d0cfa73a73124bac64ae9d51
syn_noose_00417.jpg,syn_noose_00417.jpg,90e65d3f464b50e9b1c0e5216654c947
syn_noose_00431.jpg,syn_noose_00431.jpg,a6e104685bac3dbabf784c871025a733
syn_noose_00439.jpg,syn_noose_00439.jpg,4e0ba66951d4741a64a690a1f1ab8ce5
syn_noose_00459.jpg,syn_noose_00459.jpg,872c2dd9020091fa32b4521c58ef09a8
syn_noose_00461.jpg,syn_noose_00461.jpg,4373da38c56235f6085f78a2e120d7e1
syn_noose_00483.jpg,syn_noose_00483.jpg,71bdee2df077da452139ed20e01501e6
syn_noose_00488.jpg,syn_noose_00488.jpg,9b5c597ae3739b6373c07124c2d67573
syn_noose_00492.jpg,syn_noose_00492.jpg,1173e4c39e4f4a182be76dbbe480da60
syn_noose_00495.jpg,syn_noose_00495.jpg,1a2aa60269d9597627a3ee670564f4d2
syn_noose_00513.jpg,syn_noose_00513.jpg,8261eeeb2d982f2c4a58c3fe17b3ea38
syn_noose_00518.jpg,syn_noose_00518.jpg,3e0262c13e3c9a81d99eab448dda0bfd
syn_noose_00519.jpg,syn_noose_00519.jpg,add9f97c76313ad39e4c4c872ba1684e
syn_noose_00533.jpg,syn_noose_00533.jpg,4dba88723846714dcbfce3ce99797764
syn_noose_00536.jpg,syn_noose_00536.jpg,5e2ed74365be7dc847f2aeabd5287270
syn_noose_00559.jpg,syn_noose_00559.jpg,d3a2fb4038b01ec9293102c0b52a5a29
syn_noose_00562.jpg,syn_noose_00562.jpg,d45b51b642a62ffc0ee9ea92f20152b1
syn_noose_00581.jpg,syn_noose_00581.jpg,dcb375eae1d3935ff5277f8111acbd19
syn_noose_00585.jpg,syn_noose_00585.jpg,160f5af2da5a3a6ac2fc5b355098e8a2
syn_noose_00593.jpg,syn_noose_00593.jpg,8b414ebd19ce72bd3c31273af1529afd
syn_noose_00594.jpg,syn_noose_00594.jpg,88b2b3ff9442ac2a69850b0ae9017ee0
syn_noose_00596.jpg,syn_noose_00596.jpg,39c95966475760e8cc83bf4059c10ce6
syn_noose_00605.jpg,syn_noose_00605.jpg,f40e89ad0c4ab77ab8a54a89dabf64fd
syn_noose_00609.jpg,syn_noose_00609.jpg,af172469dd202601e769c26fe642f7a8
syn_noose_00614.jpg,syn_noose_00614.jpg,5e6277ce053baefc10fb40dc9108589a
syn_noose_00618.jpg,syn_noose_00618.jpg,6b0a5490445161cdc1db384033d20ffd
syn_noose_00620.jpg,syn_noose_00620.jpg,d2e5d984d91888dc72c8dba2716b7f37
syn_noose_00622.jpg,syn_noose_00622.jpg,673117328e52ba12310aa546a9acebca
syn_noose_00627.jpg,syn_noose_00627.jpg,c978a3e2c00ddebb1e53f0c2c87125c3
syn_noose_00633.jpg,syn_noose_00633.jpg,da04dc6029c9617bb214265ce041320d
syn_noose_00635.jpg,syn_noose_00635.jpg,cb349540cc7a9fa611a37b7b62aa78b0
syn_noose_00640.jpg,syn_noose_00640.jpg,0b35245a491ad8eac7cea1a638a4aec4
syn_noose_00643.jpg,syn_noose_00643.jpg,8bc355941b1a436950b21dc30df7549b
syn_noose_00649.jpg,syn_noose_00649.jpg,915ab71abd6f05169b76f1f3067f2e77
syn_noose_00654.jpg,syn_noose_00654.jpg,8f5dafbeb7f579a9be7f33a93baaac94
syn_noose_00657.jpg,syn_noose_00657.jpg,d9624351a41073581866806aa0068275
syn_noose_00660.jpg,syn_noose_00660.jpg,01c8100b0af4433ce4650f5a756f0245
syn_noose_00671.jpg,syn_noose_00671.jpg,9d3203ca1ed82935d7a91913fc38f8f2
syn_noose_00679.jpg,syn_noose_00679.jpg,86e12b201482be189e7b716c99bafd1d
syn_noose_00680.jpg,syn_noose_00680.jpg,41203ab5b978b3ccf15881b39ccb2be6
syn_noose_00691.jpg,syn_noose_00691.jpg,14d63ae0aedb2a3ccd0a85d8e0c3fa6a
syn_noose_00693.jpg,syn_noose_00693.jpg,8517533cb10732227e1d43c62b24244b
syn_noose_00705.jpg,syn_noose_00705.jpg,6174f6cec8d1fe3faf5e9850965e70b4
syn_noose_00706.jpg,syn_noose_00706.jpg,37f552d198c1ee9a75a60d9c0c2297ec
syn_noose_00708.jpg,syn_noose_00708.jpg,2085461e58addd04bfa310e71bb4543d
syn_noose_00711.jpg,syn_noose_00711.jpg,59bbd4d6f3f5aa32b56f6275b10c02ee
syn_noose_00719.jpg,syn_noose_00719.jpg,83856672db7012c3bd11d91e915f3f8a
syn_noose_00721.jpg,syn_noose_00721.jpg,50ea4e810fa23e515b1a611a5594497f
syn_noose_00722.jpg,syn_noose_00722.jpg,ea2dea066c26aa17d9e8323c0903b9ae
syn_noose_00731.jpg,syn_noose_00731.jpg,9d2274087274c497c1cc4c62c94bf04a
syn_noose_00738.jpg,syn_noose_00738.jpg,368a625fa565fe90b0f2c02387df7866
syn_noose_00739.jpg,syn_noose_00739.jpg,5c94b85b9a3bfca2e2d03cae820546c3
syn_noose_00744.jpg,syn_noose_00744.jpg,c35e3a6e2c529e156fa95a066cb3cb5e
syn_noose_00750.jpg,syn_noose_00750.jpg,84b913daeb90d904852872a4892646bd
syn_noose_00751.jpg,syn_noose_00751.jpg,687eb2fe9d441c1359d9bb211e1f67cf
syn_noose_00752.jpg,syn_noose_00752.jpg,ec616a15c90e339630b9422701976dc4
syn_noose_00753.jpg,syn_noose_00753.jpg,b2f7ea4555e2d05ebc6fd06f6f26df6d
syn_noose_00755.jpg,syn_noose_00755.jpg,968f8343e607499a5a4ee72703d93521
syn_noose_00759.jpg,syn_noose_00759.jpg,a21756017ca2f385f9bf68ab2695ee45
syn_noose_00761.jpg,syn_noose_00761.jpg,8722ad30f82b5213df746566568c6717
syn_noose_00784.jpg,syn_noose_00784.jpg,b58be9852bb4a18562343e001f339886
syn_noose_00791.jpg,syn_noose_00791.jpg,5620ce7c728c6e2ab8799eb1894f1bd8
syn_noose_00792.jpg,syn_noose_00792.jpg,38194bb3e0bacbce66ff2894b034b724
syn_noose_00815.jpg,syn_noose_00815.jpg,b8aa21ea18d0e3d6c2564204fb232816
syn_noose_00819.jpg,syn_noose_00819.jpg,0e8e811ee35c0e7f9e9895c336c08289
syn_noose_00831.jpg,syn_noose_00831.jpg,161bb12b4e357025a6bfcb5c042c88ca
syn_noose_00838.jpg,syn_noose_00838.jpg,3f2796e593660c195bc7c3502918ebe5
syn_noose_00851.jpg,syn_noose_00851.jpg,f05de497313b7760b3fa643407cdfe60
syn_noose_00853.jpg,syn_noose_00853.jpg,5ace2ea0cffc3b87deb0885c9ad0676c
syn_noose_00869.jpg,syn_noose_00869.jpg,95dc972fa3b0a0a4df8818b7c5323d98
syn_noose_00872.jpg,syn_noose_00872.jpg,ed3cd010096352eba5ceaeffb1ca0ed5
syn_noose_00879.jpg,syn_noose_00879.jpg,9a11423fb0243f4894249bccd910c11f
syn_noose_00881.jpg,syn_noose_00881.jpg,ecd3e3ad763062ccde902192911e85b9
syn_noose_00886.jpg,syn_noose_00886.jpg,7dd643d7875c9d90317e239a5b4449a1
syn_noose_00894.jpg,syn_noose_00894.jpg,ab6ef36ecbf412ad7f2ad1965319d845
syn_noose_00900.jpg,syn_noose_00900.jpg,2a05e99e810f4fd53586f09bb6ee3a2a
syn_noose_00909.jpg,syn_noose_00909.jpg,8b7a35f020e698dc83d049acba5022af
syn_noose_00911.jpg,syn_noose_00911.jpg,b7bb44570c21bba6c74e3d77944efbd8
syn_noose_00913.jpg,syn_noose_00913.jpg,5b2c269ddc2922d01a9a3f39d899dccc
syn_noose_00915.jpg,syn_noose_00915.jpg,bbcffce3e8506e4b275c76940c195d06
syn_noose_00921.jpg,syn_noose_00921.jpg,8e4f6b742f89dd69d9076c1d72b43236
syn_noose_00925.jpg,syn_noose_00925.jpg,9a4e95213b9bfa12475223809cda1ccc
syn_noose_00936.jpg,syn_noose_00936.jpg,376eda9af6cfc3461f6c479b078e6780
syn_noose_00937.jpg,syn_noose_00937.jpg,0fabee1aa1fe8674d0fe4618d5fe5ea3
syn_noose_00951.jpg,syn_noose_00951.jpg,62b76b2dda522f9014635bc1854b9455
syn_noose_00954.jpg,syn_noose_00954.jpg,3e064abf5633fc15c9129d7b6d586922
syn_noose_00957.jpg,syn_noose_00957.jpg,48d49bb85a700b143e5f5f155c808560
syn_noose_00962.jpg,syn_noose_00962.jpg,1d666f9cf3a7cc06526b69aa22db934c
syn_noose_00969.jpg,syn_noose_00969.jpg,13106ffd13f2c688bcbdf03b8152b66e
syn_noose_00980.jpg,syn_noose_00980.jpg,3f8a0d3a5b9e5acec4947b6a7b08b31f
syn_noose_00989.jpg,syn_noose_00989.jpg,172c937db4adce19b7696734f70ed1d6
syn_noose_00991.jpg,syn_noose_00991.jpg,d5f6200d27f39a6aa503db5714911754
syn_noose_01005.jpg,syn_noose_01005.jpg,e7cfab555355f45d98c6b1b7977cffb6
syn_noose_01011.jpg,syn_noose_01011.jpg,3a262877f65473ca42a1c544ece0a64a
syn_noose_01016.jpg,syn_noose_01016.jpg,35e06706f76b9a5ab78337c43a9821de
syn_noose_01018.jpg,syn_noose_01018.jpg,7de84a0caae84b988ea16de1ee54c5ce
syn_noose_01019.jpg,syn_noose_01019.jpg,f44abbfbec01a827b80209e837c240e8
syn_noose_01023.jpg,syn_noose_01023.jpg,00860df4baca47e5024d7d66301a9953
syn_noose_01041.jpg,syn_noose_01041.jpg,b38550a0a2cb45e5fbf016b9f8e412d8
syn_noose_01050.jpg,syn_noose_01050.jpg,8457d8ba9e8a237d765533033567519c
syn_noose_01055.jpg,syn_noose_01055.jpg,f53592a1b7f29139125fc154a4b0ca3e
syn_noose_01060.jpg,syn_noose_01060.jpg,d79a59275dd0e0ae4496777536d31b67
syn_noose_01061.jpg,syn_noose_01061.jpg,582acd64b0c5b2caeb907daed3142b12
syn_noose_01062.jpg,syn_noose_01062.jpg,8198ed9ff4151a952ab3b39d6b38b143
syn_noose_01063.jpg,syn_noose_01063.jpg,3b0dc204a663dc93f6d23cd0bd447fa4
syn_noose_01072.jpg,syn_noose_01072.jpg,11e75f1d6c5934a106be3f8b0c4027ce
syn_noose_01076.jpg,syn_noose_01076.jpg,68056b89310822b34d1c19b8c21ec05c
syn_noose_01077.jpg,syn_noose_01077.jpg,2710538bb8631486b7b6e929daad1231
syn_noose_01084.jpg,syn_noose_01084.jpg,cfc0915a0d8ce34a16f275f49f175c91
syn_noose_01092.jpg,syn_noose_01092.jpg,0c23bb99b77cdf8c4a422e3a3d9b1e7b
syn_noose_01097.jpg,syn_noose_01097.jpg,b9f52fe0f2163d49da818a0be9172c88
syn_noose_01112.jpg,syn_noose_01112.jpg,66e91f901ef64bcf54d7c71daf9b9131
syn_noose_01114.jpg,syn_noose_01114.jpg,a57ecebdc772698505100107ca03f225
syn_noose_01117.jpg,syn_noose_01117.jpg,a35a68a2ad5ccd453ea257bb318162c0
syn_noose_01118.jpg,syn_noose_01118.jpg,f40b22dbf9fde5f0359a09c65db2e292
syn_noose_01126.jpg,syn_noose_01126.jpg,a2da0baa3bfc43b77205d3039bd13b99
syn_noose_01128.jpg,syn_noose_01128.jpg,2b769bf2be42dd275ca9dcc8daa302b2
syn_noose_01129.jpg,syn_noose_01129.jpg,aca96a75fc90312a8c69328d9e13637a
syn_noose_01150.jpg,syn_noose_01150.jpg,41fe9362f2fe5ac4b4a28a0aebc40cd0
syn_noose_01154.jpg,syn_noose_01154.jpg,84ccf2c04257698895138fd1dc74ae77
syn_noose_01168.jpg,syn_noose_01168.jpg,2a198ccd2eb6fa1490566915f94d3915
syn_noose_01171.jpg,syn_noose_01171.jpg,0de5765d86dd0043fe1be0b0beadb3fd
syn_noose_01172.jpg,syn_noose_01172.jpg,a766d877175c3fe5e3e875f5693a9bc6
syn_noose_01175.jpg,syn_noose_01175.jpg,27ab271c546e883233d270f1866c3a9f
syn_noose_01177.jpg,syn_noose_01177.jpg,7eeeae96e54e835b29b24d725adf0977
syn_noose_01181.jpg,syn_noose_01181.jpg,97027b88dd6def0be1acc5b3d77b168a
syn_noose_01189.jpg,syn_noose_01189.jpg,b0efa0650f1ff93611fd6eac1a69d863
syn_noose_01191.jpg,syn_noose_01191.jpg,177f855926900a57e35fa58f0bdddd33
syn_noose_01203.jpg,syn_noose_01203.jpg,6c0c0737b6a5b023ac200929c058559c
syn_noose_01212.jpg,syn_noose_01212.jpg,eeb00ea3b62154ae368d4a7f525ac477
syn_noose_01222.jpg,syn_noose_01222.jpg,0a1e91c624d9ea08e44958546dd29b36
syn_noose_01233.jpg,syn_noose_01233.jpg,53d5f17f1df1977a8ef9c5c153cc597f
syn_noose_01234.jpg,syn_noose_01234.jpg,7c266a0716dc446917a554a4742bf2f2
syn_noose_01239.jpg,syn_noose_01239.jpg,85d8d085fa3b6a009ca6829f46db9d80
syn_noose_01244.jpg,syn_noose_01244.jpg,37f0feab6b1fe35cce61856ab10650b4
syn_noose_01253.jpg,syn_noose_01253.jpg,e07be2f2027bcd6331e2d715d72582dd
syn_noose_01258.jpg,syn_noose_01258.jpg,b9e6da164654569e20261feaf5d2275f
syn_noose_01259.jpg,syn_noose_01259.jpg,a9c0f580fb8b97a643bd246d517ed009
syn_noose_01265.jpg,syn_noose_01265.jpg,18e7ca313761152905a55053ff2cebab
syn_noose_01275.jpg,syn_noose_01275.jpg,e4fe3d7f3c80b28c8ec708313eb62e56
syn_noose_01278.jpg,syn_noose_01278.jpg,cde79c184d85d104c5ef10e6f7d15e7f
syn_noose_01284.jpg,syn_noose_01284.jpg,b1334642174f4811bbcadc9f9a37e233
syn_noose_01286.jpg,syn_noose_01286.jpg,f1307a4c647d46e676fbd13ae405e574
syn_noose_01293.jpg,syn_noose_01293.jpg,1d3fc50ed9820eef2d8e1077c19299c9
syn_noose_01294.jpg,syn_noose_01294.jpg,61c73ed3c046f9d190628bfac3fd9898
syn_noose_01305.jpg,syn_noose_01305.jpg,7dfdcb61fbd6a330d31be61412778c5e
syn_noose_01306.jpg,syn_noose_01306.jpg,bfde9be103d73580e194332b2ddc96fb
syn_noose_01313.jpg,syn_noose_01313.jpg,70e45731531b079d310d6bead7965a75
syn_noose_01314.jpg,syn_noose_01314.jpg,7e83e9cbee1b58cac42f81257ed62fe0
syn_noose_01315.jpg,syn_noose_01315.jpg,ea4d35f8811c5d8c2b84b9ff55e25d44
syn_noose_01321.jpg,syn_noose_01321.jpg,5f6d7b8b71c2b3bc68e5baff24c7b8b0
syn_noose_01324.jpg,syn_noose_01324.jpg,190dbfdb0a3f54e8089d7b98ca8e3e71
syn_noose_01333.jpg,syn_noose_01333.jpg,b60f1cca6c91ed5df8ee97c461ae6294
syn_noose_01345.jpg,syn_noose_01345.jpg,59828c96ba12d2c85396639df5421f07
syn_noose_01353.jpg,syn_noose_01353.jpg,b7193f5e50223b1547c4a198461447c9
syn_noose_01360.jpg,syn_noose_01360.jpg,ca5709cd69de08c0f5b1340e6d4725ff
syn_noose_01367.jpg,syn_noose_01367.jpg,3715f51b2b410495191c5c9927e226a9
syn_noose_01368.jpg,syn_noose_01368.jpg,135251614a9e067aa8f91e6e3eec73ee
syn_noose_01374.jpg,syn_noose_01374.jpg,0bbc818fc788579bfa8d47c5f2236343
syn_noose_01388.jpg,syn_noose_01388.jpg,9f3c792356e2af5eff30ce2f62dddbc8
syn_noose_01390.jpg,syn_noose_01390.jpg,1c117785bc81a6fb256e4d1f2c533f4f
syn_noose_01391.jpg,syn_noose_01391.jpg,8b065d57e5aa214acdbd7513eca46546
syn_noose_01392.jpg,syn_noose_01392.jpg,ca59234555fdf9eccd1871a6876385f8
syn_noose_01410.jpg,syn_noose_01410.jpg,982b2bb10f6177c2912782cfd5ce49de
syn_noose_01417.jpg,syn_noose_01417.jpg,bc0c609a69dee5df4f48b14e532fb40d
syn_noose_01421.jpg,syn_noose_01421.jpg,923bd1f7eef71d27ffb399df02cc8491
syn_noose_01424.jpg,syn_noose_01424.jpg,320462827fb602c66342d182ca6313de
syn_noose_01434.jpg,syn_noose_01434.jpg,cb07dcc9de8ceb9f0ba4dfaf2dbd927f
syn_noose_01441.jpg,syn_noose_01441.jpg,68331c7f2557597b57f19ffc97559138
syn_noose_01452.jpg,syn_noose_01452.jpg,f73ec67f20398b45e64b24b86f427d5d
syn_noose_01453.jpg,syn_noose_01453.jpg,9c7455f2ebef5e192f7bcb4d6a8858d7
syn_noose_01457.jpg,syn_noose_01457.jpg,8d1e46a1e2ff852b1ece23c36cc7e5d5
syn_noose_01468.jpg,syn_noose_01468.jpg,23cadd845c7e3c5bb29fae06c48d6687
syn_noose_01469.jpg,syn_noose_01469.jpg,bd0df2418a61b5a9a325c13a68e5e69d
syn_noose_01472.jpg,syn_noose_01472.jpg,d76d84730a65435648f36332e5dcb9a0
syn_noose_01475.jpg,syn_noose_01475.jpg,e09c233a332657b60f2ac5552ed9b8e7
syn_noose_01488.jpg,syn_noose_01488.jpg,9ae1c3aefba69ea89a42be8549531a2a
syn_noose_01489.jpg,syn_noose_01489.jpg,6f98b4b05f8e6afead4ddf5ad6716c8c
syn_noose_01501.jpg,syn_noose_01501.jpg,7cc66566d90e62b312a6d9532c2a5d9d
syn_noose_01505.jpg,syn_noose_01505.jpg,910c4ae903ef28537f87f11827c4cd6e
syn_noose_01522.jpg,syn_noose_01522.jpg,ff3d7be28044c2432f1949a15faf27c2
syn_noose_01530.jpg,syn_noose_01530.jpg,1a188358ebb29e4f057dc5b6c816037f
syn_noose_01535.jpg,syn_noose_01535.jpg,29f44b14ddbff072d452a23d0d45170c
syn_noose_01542.jpg,syn_noose_01542.jpg,4e9e89e0c2e1d5cc9ca982c00f4e2cfa
syn_noose_01549.jpg,syn_noose_01549.jpg,993f24f775b2c9b2824588f623074c70
syn_noose_01562.jpg,syn_noose_01562.jpg,d53ed9936dc54f0b7b2b4a1ce2480777
syn_noose_01570.jpg,syn_noose_01570.jpg,8359c447b1ba3596f03b513c0249ab47
syn_noose_01572.jpg,syn_noose_01572.jpg,ea60c7b7827131716cb89c503b797314
syn_noose_01575.jpg,syn_noose_01575.jpg,688d7526b4c726ad83ba550a9854d636
syn_noose_01579.jpg,syn_noose_01579.jpg,59b6a156a102c61212678e204cc5baac
syn_noose_01580.jpg,syn_noose_01580.jpg,bfd02e65f36ae3a049cf3b10c7b507c5
syn_noose_01587.jpg,syn_noose_01587.jpg,8ecee924ec6838420929051d02c2412b
syn_noose_01595.jpg,syn_noose_01595.jpg,e1abd5191b290a0be5467367a07124fe
syn_noose_01597.jpg,syn_noose_01597.jpg,a6283b3ad809066c90eb9f95e426c8c9
syn_noose_01599.jpg,syn_noose_01599.jpg,c8c973f96cb1b6ec4f2cb0ffdd82c6e5
syn_noose_01600.jpg,syn_noose_01600.jpg,df61d7a018b9e12c4a60d820ffcff186
syn_noose_01610.jpg,syn_noose_01610.jpg,f79b4102175264ff6195c57e1da11e9a
syn_noose_01614.jpg,syn_noose_01614.jpg,582ca9843b2581f8fb39ff8a74bc99b7
syn_noose_01618.jpg,syn_noose_01618.jpg,0cf2b9bfd8936d7f6b945301fb47974b
syn_noose_01620.jpg,syn_noose_01620.jpg,a21f22c72e2ba7b1012ce2585490ebd8
syn_noose_01625.jpg,syn_noose_01625.jpg,cf074fe1f9d64ac1634afea07aee1d98
syn_noose_01632.jpg,syn_noose_01632.jpg,de4fafef03f1da7a1c0158773393e635
syn_noose_01637.jpg,syn_noose_01637.jpg,3d18b5a6ec6fce8e2e314befc07e9b74
syn_noose_01640.jpg,syn_noose_01640.jpg,7b8c63ecb714dc8a720fa2f8b5ec68d4
syn_noose_01645.jpg,syn_noose_01645.jpg,1a5694e31eeb4a7e56b710323374dea6
syn_noose_01659.jpg,syn_noose_01659.jpg,91cf822b065e1ad550878393f336fadd
syn_noose_01661.jpg,syn_noose_01661.jpg,0fabe7657adeda4c435e0fed8fe77606
syn_noose_01666.jpg,syn_noose_01666.jpg,80ebb53f15a2a9a4599d8be3ebd5f92c
syn_noose_01669.jpg,syn_noose_01669.jpg,8acd1b9fa4806534670732f9d408d411
syn_noose_01679.jpg,syn_noose_01679.jpg,cc79504a424a5cfb8ad3c0b4e5088eed
syn_noose_01684.jpg,syn_noose_01684.jpg,4cc5a1b18d3ad358de9be8c8b0281c04
syn_noose_01697.jpg,syn_noose_01697.jpg,2a1e0e08f431e6e05dd86ff43334ad2c
syn_noose_01700.jpg,syn_noose_01700.jpg,070bea41569b43198cc05ddd08fc1a16
syn_noose_01713.jpg,syn_noose_01713.jpg,5ab69f1e89b86f4bd3dd4078748f54a9
syn_noose_01714.jpg,syn_noose_01714.jpg,2ca1a369bf683cf045875092b714dbd9
syn_noose_01731.jpg,syn_noose_01731.jpg,ef328d63b69aac40db945b456f788829
syn_noose_01744.jpg,syn_noose_01744.jpg,be8ba0aa6b5a594859f2e05d06c735b2
syn_noose_01746.jpg,syn_noose_01746.jpg,3a67d5bf8d31dccc37af807bfc0ab927
syn_noose_01756.jpg,syn_noose_01756.jpg,0b58c744175e6837e9db20d48841837f
syn_noose_01765.jpg,syn_noose_01765.jpg,f1b47c8c7d7094069c45ee3e4aac0279
syn_noose_01773.jpg,syn_noose_01773.jpg,06019eacfb62856c236e9e75947310f6
syn_noose_01778.jpg,syn_noose_01778.jpg,d855028b3286b3cb937a96093794a059
syn_noose_01781.jpg,syn_noose_01781.jpg,c789d4f67646bfdb3000e21c04719a33
syn_noose_01784.jpg,syn_noose_01784.jpg,7e776e09315f8dba4a3d644a4fed517a
syn_noose_01788.jpg,syn_noose_01788.jpg,b89199681e92cf27ea9eab20dc6839fe
syn_noose_01797.jpg,syn_noose_01797.jpg,6d392e8aae45fc2435dceca3e8132eeb
syn_noose_01814.jpg,syn_noose_01814.jpg,8e2517fe580495916915849657695594
syn_noose_01821.jpg,syn_noose_01821.jpg,a1b18ac5e6f7742bfb23e0c801e2f31f
syn_noose_01822.jpg,syn_noose_01822.jpg,414e69acc0eae0dfbc2822c52b4df338
syn_noose_01832.jpg,syn_noose_01832.jpg,db4075ce1712c3902c13181b21fe1e8b
syn_noose_01844.jpg,syn_noose_01844.jpg,b8e7e34b3ca2851c36c772ff647b6793
syn_noose_01853.jpg,syn_noose_01853.jpg,92b4dccfbb8639a36583dbd045313c18
syn_noose_01858.jpg,syn_noose_01858.jpg,a0a9ca566b07f2b338de8f9952f5c650
syn_noose_01862.jpg,syn_noose_01862.jpg,3d3b7b931f1dca321f8a7589dc396c8d
syn_noose_01874.jpg,syn_noose_01874.jpg,adf371aeec865e4c5015cf5c7e47ced3
syn_noose_01881.jpg,syn_noose_01881.jpg,82d0289341e97fad074fb128a7341690
syn_noose_01899.jpg,syn_noose_01899.jpg,9ab8b8e38b838a72a720e976d5d2281a
syn_noose_01906.jpg,syn_noose_01906.jpg,2989f1541603d20c27bb52e54f096b4a
syn_noose_01919.jpg,syn_noose_01919.jpg,acff74831cc182c27167c2e8ac507f9f
syn_noose_01921.jpg,syn_noose_01921.jpg,cb0f09a37000d8910face39ff458997c
syn_noose_01922.jpg,syn_noose_01922.jpg,a63dca9639a528ae42fa45f250ce8fdf
syn_noose_01951.jpg,syn_noose_01951.jpg,a37099be8185b44b120e615032f3aacf
syn_noose_01952.jpg,syn_noose_01952.jpg,120cbceaa8ab4a7169dc38e0ffd1a272
syn_noose_01953.jpg,syn_noose_01953.jpg,13d746a2d9f3b4a141b56674c7037581
syn_noose_01958.jpg,syn_noose_01958.jpg,59575041f42ad1e456517ca0684ae588
syn_noose_01961.jpg,syn_noose_01961.jpg,373b93953cb4e3338e47b6080d94457c
syn_noose_01965.jpg,syn_noose_01965.jpg,060fd67d53d317cd01ce9a919007ef8b
syn_noose_01972.jpg,syn_noose_01972.jpg,9abf7a578ee110ca1151966976db6c23
syn_noose_01975.jpg,syn_noose_01975.jpg,018e4be56c50f5224c061f1d97188be8
syn_noose_01976.jpg,syn_noose_01976.jpg,6f8a89bcf7bcf549a6cbc8ff55e6d9e5
syn_noose_01984.jpg,syn_noose_01984.jpg,968d91b93416e060470451a6f0e97b6a
syn_noose_01996.jpg,syn_noose_01996.jpg,cf4b8e3fa7b64f4e9c8c4a2e5c568e93
syn_noose_01997.jpg,syn_noose_01997.jpg,c8dc10dd0f2cafaf0a611e8a3de502fd
syn_setup_00009.jpg,syn_setup_00009.jpg,937c40f482b32588d93c57f7d2196570
syn_setup_00010.jpg,syn_setup_00010.jpg,690c637e83638b935b8848d2f725d34c
syn_setup_00012.jpg,syn_setup_00012.jpg,fc57c67cdcd47810e59b5e5d78f560f5
syn_setup_00015.jpg,syn_setup_00015.jpg,3a5b599826e0503b64a97f0ee7736695
syn_setup_00018.jpg,syn_setup_00018.jpg,bce2e83ee85f95fa35f5f217b5fe7b34
syn_setup_00022.jpg,syn_setup_00022.jpg,6e601d8bfbcfdb6047c2a58aebacd474
syn_setup_00037.jpg,syn_setup_00037.jpg,0ac76e3a8ae05ff7061a04ec5c307e39
syn_setup_00038.jpg,syn_setup_00038.jpg,df7cefa6cfb902dc2d6235b87d0d69e0
syn_setup_00041.jpg,syn_setup_00041.jpg,46d241b51f7c5aa39d70ff06d6bb0efa
syn_setup_00048.jpg,syn_setup_00048.jpg,cf85797db363656bb7ff043de2b9fce6
syn_setup_00050.jpg,syn_setup_00050.jpg,586d363177003f081a567bafb151185c
syn_setup_00064.jpg,syn_setup_00064.jpg,1f73e511e6fe1f5331f9aed137567ec4
syn_setup_00081.jpg,syn_setup_00081.jpg,242875c820c2ee21a6d6c59d806b2da2
syn_setup_00085.jpg,syn_setup_00085.jpg,a587cbbfa8e2ee37aced37163fb51f65
syn_setup_00089.jpg,syn_setup_00089.jpg,a1db636be418543f43d8764d213ae8b7
syn_setup_00092.jpg,syn_setup_00092.jpg,4735b60328ea8c1ea90db1246e404ce4
syn_setup_00093.jpg,syn_setup_00093.jpg,3e23c9ff5a8a9b0a2491d8acf9f62a23
syn_setup_00111.jpg,syn_setup_00111.jpg,d3dd1b531faa05af1daa28cba1a834cf
syn_setup_00129.jpg,syn_setup_00129.jpg,251267caf05837bca969f5733d5a7e99
syn_setup_00134.jpg,syn_setup_00134.jpg,8f607c44244d50daad7ba6876614daa4
syn_setup_00137.jpg,syn_setup_00137.jpg,1b70be74325204e110b22d494f9941dc
syn_setup_00142.jpg,syn_setup_00142.jpg,00eeeab670dfa5925b1ecba43ae0367e
syn_setup_00143.jpg,syn_setup_00143.jpg,e6c6f6eda30495433f8254d0a8e8a043
syn_setup_00147.jpg,syn_setup_00147.jpg,dd4c0fbd88cee7fc316f7f5e78b5a819
syn_setup_00149.jpg,syn_setup_00149.jpg,bc8402e3c5921e2f418aa406eb3a1833
syn_setup_00150.jpg,syn_setup_00150.jpg,5be96fa8c617ab1bc2a0fb1640dab801
syn_setup_00152.jpg,syn_setup_00152.jpg,f913fe95b29ed43d07486404d749a216
syn_setup_00154.jpg,syn_setup_00154.jpg,f7f68271d846acb02e620b84d0fe7b98
syn_setup_00156.jpg,syn_setup_00156.jpg,622a1eb711607e5557ee27b68bdaf4dc
syn_setup_00163.jpg,syn_setup_00163.jpg,61d819a65a0281d4f3b1f2a81b902e6d
syn_setup_00167.jpg,syn_setup_00167.jpg,ec650be766d1cd35b64774669f02d18a
syn_setup_00168.jpg,syn_setup_00168.jpg,57655e26f1f0316200781ee1da18f66f
syn_setup_00169.jpg,syn_setup_00169.jpg,0801ee3f2e0e250612dd3dfe323d781f
syn_setup_00174.jpg,syn_setup_00174.jpg,fabcb5a643d4224d4a8dd9b918adec67
syn_setup_00177.jpg,syn_setup_00177.jpg,b152b53ca07cef65a850b16b48d19a03
syn_setup_00183.jpg,syn_setup_00183.jpg,9118e232bde8dd9ecaca8d4d4887e63b
syn_setup_00196.jpg,syn_setup_00196.jpg,f429f6297d8d9981a918ca97b00d4974
syn_setup_00201.jpg,syn_setup_00201.jpg,950d57581d26b1c1eafbae8566f9361a
syn_setup_00204.jpg,syn_setup_00204.jpg,83e1fc80563ec4f4c24a9908fcedebea
syn_setup_00212.jpg,syn_setup_00212.jpg,f2078291c13f289dca391fa1c971aa7a
syn_setup_00217.jpg,syn_setup_00217.jpg,5a2f4a756dc5f4d625799e997125fb79
syn_setup_00222.jpg,syn_setup_00222.jpg,e24719bac6b39cdcfff70da078b9fc34
syn_setup_00224.jpg,syn_setup_00224.jpg,2708870bf2f101730e9eccb7567aae11
syn_setup_00228.jpg,syn_setup_00228.jpg,b3f7d4fd380b28b2b5a38ef0b62448d4
syn_setup_00232.jpg,syn_setup_00232.jpg,51787752949e1d0ac25e188039362f3c
syn_setup_00234.jpg,syn_setup_00234.jpg,e4772ccdfadad4656859a5aef02c468f
syn_setup_00237.jpg,syn_setup_00237.jpg,ad0f69aa60a8b7cae5a2c4503775e220
syn_setup_00239.jpg,syn_setup_00239.jpg,7def39a5f448d58d2ce7f113fedabed7
syn_setup_00242.jpg,syn_setup_00242.jpg,2b66a0f4715fcc9794efc53f48271e31
syn_setup_00244.jpg,syn_setup_00244.jpg,40b510e47bd8b38503ca9f3cb5ac26b6
syn_setup_00252.jpg,syn_setup_00252.jpg,55fd7029d3adcaa8ff5ebf21fb3f6fc2
syn_setup_00266.jpg,syn_setup_00266.jpg,9e6066dbeac3aeea6041c844c01d525c
syn_setup_00270.jpg,syn_setup_00270.jpg,5dce6b958834462da289f35d68ed7f39
syn_setup_00275.jpg,syn_setup_00275.jpg,d5c8e3f71865cd2b02abfaaed36a091c
syn_setup_00289.jpg,syn_setup_00289.jpg,3f61b2ed52f80cce6350ef5e03c0f51b
syn_setup_00295.jpg,syn_setup_00295.jpg,84920533d2fe9c4a5bfd1c4f9865ef75
syn_setup_00297.jpg,syn_setup_00297.jpg,c9c7acb3e59f99d2a61b493efa1f5bb7
syn_setup_00312.jpg,syn_setup_00312.jpg,c7464fe19af50c6234ea37b326ffae83
syn_setup_00314.jpg,syn_setup_00314.jpg,0171a9d4ac63b80a249bd4756d072b0a
syn_setup_00320.jpg,syn_setup_00320.jpg,4fc92bcccbf7c077cf001b1a9131ee40
syn_setup_00329.jpg,syn_setup_00329.jpg,4fdd3a0d15a165d561ab3108bad1af13
syn_setup_00342.jpg,syn_setup_00342.jpg,6f0f58bb10d0d7106c79fcab1bae9a68
syn_setup_00345.jpg,syn_setup_00345.jpg,4a337678f0ddf70dee9580d33d2b72ff
syn_setup_00364.jpg,syn_setup_00364.jpg,74d172467ae5f02fa59f99d54ccb4d4c
syn_setup_00367.jpg,syn_setup_00367.jpg,9022092dee9e9a8c0c781d57a3a6ce17
syn_setup_00371.jpg,syn_setup_00371.jpg,c411e40969e1b47ef1d4bf4560a7d49f
syn_setup_00374.jpg,syn_setup_00374.jpg,6e7885b42e2f79a1663b4e205b05ca02
syn_setup_00376.jpg,syn_setup_00376.jpg,42b963f8a8505f830a2e9901728174b4
syn_setup_00378.jpg,syn_setup_00378.jpg,0c4902facc6696eef514b2a57ec0ced0
syn_setup_00394.jpg,syn_setup_00394.jpg,04df79610cc77527ee64cc8288340ec2
syn_setup_00396.jpg,syn_setup_00396.jpg,6272ff6860cbe683b7c4c91df57f5b1b
syn_setup_00397.jpg,syn_setup_00397.jpg,294059db9427eb7822c75c60edc980db
syn_setup_00401.jpg,syn_setup_00401.jpg,0b1017451c16bedf2ee64ef2a6d5fa44
syn_setup_00402.jpg,syn_setup_00402.jpg,f1819a0ab815399c7c9d277415702aa0
syn_setup_00406.jpg,syn_setup_00406.jpg,0ec62dce1579e492ad9b924e47867751
syn_setup_00421.jpg,syn_setup_00421.jpg,a60bfb16fce9c099439ba6be9952386d
syn_setup_00430.jpg,syn_setup_00430.jpg,5967815f83f21b9807c9648485367138
syn_setup_00431.jpg,syn_setup_00431.jpg,68b0f61fd1f2c04377c17c4ce7f43c00
syn_setup_00433.jpg,syn_setup_00433.jpg,7ccfeeeff6ecda063e37519c76d92c1f
syn_setup_00435.jpg,syn_setup_00435.jpg,8b54719d026b28d6f4bc8a5ae5f5a0ef
syn_setup_00436.jpg,syn_setup_00436.jpg,b59110869445fccecc3dc1fd2db47b7a
syn_setup_00447.jpg,syn_setup_00447.jpg,6b592f2a065fce635869ea27eec4362b
syn_setup_00450.jpg,syn_setup_00450.jpg,6188a58c4714cd832525c36220d0c3fe
syn_setup_00453.jpg,syn_setup_00453.jpg,7522324af9912d080a5e76923fb79d12
syn_setup_00456.jpg,syn_setup_00456.jpg,0466c1762d88a3f3519d7a67c68c6ca8
syn_setup_00466.jpg,syn_setup_00466.jpg,3715a5785597c8c8b7714d60bde5a094
syn_setup_00475.jpg,syn_setup_00475.jpg,be96e644db44447fa2ce4e4264ed56c6
syn_setup_00480.jpg,syn_setup_00480.jpg,b0fe0b9002fb55e059149d7f01259be4
syn_setup_00483.jpg,syn_setup_00483.jpg,f859d7479c37681bf0781effa74243aa
syn_setup_00492.jpg,syn_setup_00492.jpg,2a756076b198f2f93ae6dbdd75ad26f6
syn_setup_00495.jpg,syn_setup_00495.jpg,cccb372ae15b109956c4633dee4ee45a
syn_setup_00499.jpg,syn_setup_00499.jpg,272751eb9a7e679cc35ebe8b5e8ab2de
syn_setup_00513.jpg,syn_setup_00513.jpg,9aac3205db2ca7d93ab27c574531756d
syn_setup_00514.jpg,syn_setup_00514.jpg,030b472427b5bb505d58a2da76e72052
syn_setup_00515.jpg,syn_setup_00515.jpg,72e755c112331e294b61b5519d6bb64e
syn_setup_00517.jpg,syn_setup_00517.jpg,e8454582dcadd39fe4f994183b2644fb
syn_setup_00522.jpg,syn_setup_00522.jpg,593cec9da385f2aec1069f2f7d04b3f6
syn_setup_00525.jpg,syn_setup_00525.jpg,41c25ca44c7b094e0390821d038adf86
syn_setup_00526.jpg,syn_setup_00526.jpg,c8e1d7241342ac601d715d8dba1196f3
syn_setup_00529.jpg,syn_setup_00529.jpg,89df9db2ee04f67f8412a5dad422e6f0
syn_setup_00539.jpg,syn_setup_00539.jpg,bcfa3c2ebc7310b352a1970c51cd0d2c
syn_setup_00552.jpg,syn_setup_00552.jpg,b82e736f6c7b23782455205f15508eae
syn_setup_00556.jpg,syn_setup_00556.jpg,fdcbd12bdd160f76a629b5d7e7fc8b4b
syn_setup_00564.jpg,syn_setup_00564.jpg,bd8d886745ef12ca43b3c078928b1d79
syn_setup_00566.jpg,syn_setup_00566.jpg,508f4706c0319f5b4f819b1d372e5a47
syn_setup_00574.jpg,syn_setup_00574.jpg,2b8afa059760e110f9700deaa6515fa8
syn_setup_00576.jpg,syn_setup_00576.jpg,f12c03e2bd17d402adbf6e966fd9f0b2
syn_setup_00579.jpg,syn_setup_00579.jpg,634110f0ec89d3dfd08805689efa6255
syn_setup_00583.jpg,syn_setup_00583.jpg,2b4cf49a9c900c4a3aaa185340c38bc3
syn_setup_00593.jpg,syn_setup_00593.jpg,365622064de0510fc66f682f954dcc75
syn_setup_00595.jpg,syn_setup_00595.jpg,6c1f65978eeec75fe498856ad809dbf0
syn_setup_00601.jpg,syn_setup_00601.jpg,5e0b147a8510fb1c320bddf8c74433a7
syn_setup_00607.jpg,syn_setup_00607.jpg,50524a45ca15adfa5b5e89a69c22b1ce
syn_setup_00610.jpg,syn_setup_00610.jpg,d5547e978500d10e17bedec5670b7ac7
syn_setup_00617.jpg,syn_setup_00617.jpg,70e1a39d7efff3930898cbfbbda78a79
syn_setup_00624.jpg,syn_setup_00624.jpg,459337e8e558b907fc5e2574efa958b3
syn_setup_00625.jpg,syn_setup_00625.jpg,5346ee8551c597ca0c7ce6876f4f136a
syn_setup_00626.jpg,syn_setup_00626.jpg,63e503a9f0bc90809ec39fc967979a40
syn_setup_00641.jpg,syn_setup_00641.jpg,0d3ccc76e4b936fd9c4e59293923e440
syn_setup_00647.jpg,syn_setup_00647.jpg,d675d4b620e8b21e32f9fad6f66e217e
syn_setup_00650.jpg,syn_setup_00650.jpg,67b6b46444aa791c3a4b434f33687693
syn_setup_00656.jpg,syn_setup_00656.jpg,a511ebe952cbe0ad09f5e50d241a4e12
syn_setup_00657.jpg,syn_setup_00657.jpg,fc83864b4fa521448c30acbebc4e566e
syn_setup_00669.jpg,syn_setup_00669.jpg,53108c3498a6cbc3343405b55d8af7fc
syn_setup_00672.jpg,syn_setup_00672.jpg,bc0528288a1a34b294c22713988865a1
syn_setup_00675.jpg,syn_setup_00675.jpg,d60b59493ccd129da88fb77963cc0c67
syn_setup_00677.jpg,syn_setup_00677.jpg,2addec4ab94bdc2d4e5f945eeebf6013
syn_setup_00678.jpg,syn_setup_00678.jpg,a4110f3284996d92787f748ed3f12e69
syn_setup_00700.jpg,syn_setup_00700.jpg,c015f15dfb60005a72ae4cd7d5eb3e3c
syn_setup_00708.jpg,syn_setup_00708.jpg,866ce717f4e265aadcd994c75556aa53
syn_setup_00715.jpg,syn_setup_00715.jpg,c893a84cb03dd04451f9cf232652bc9a
syn_setup_00731.jpg,syn_setup_00731.jpg,cae6797f8d3d3fb025307ce71038159b
syn_setup_00736.jpg,syn_setup_00736.jpg,68904dfe2f9876e05d569bd0f3a1d6ff
syn_setup_00738.jpg,syn_setup_00738.jpg,9c2bd00a6feb01ef46a6d94be00aa320
syn_setup_00749.jpg,syn_setup_00749.jpg,159aed9e9126e76931abc9c95c72a527
syn_setup_00753.jpg,syn_setup_00753.jpg,c258fbf7443697e21a9a405f857162d0
syn_setup_00764.jpg,syn_setup_00764.jpg,d1262495f41a0d3ff995cb150c8e597e
syn_setup_00767.jpg,syn_setup_00767.jpg,322bde0931532ca0e87d78fa07fac67b
syn_setup_00775.jpg,syn_setup_00775.jpg,34726ec26d5beea98162da056095901f
syn_setup_00779.jpg,syn_setup_00779.jpg,cce6c59d90285bba7a738c89120531b8
syn_setup_00781.jpg,syn_setup_00781.jpg,5069c907df18ce32146c67fa8e06c66a
syn_setup_00790.jpg,syn_setup_00790.jpg,1b3fcb8443a91737b55cf74f92888b06
syn_setup_00793.jpg,syn_setup_00793.jpg,923958775326433650cbb252a56243b4
syn_setup_00794.jpg,syn_setup_00794.jpg,dc5b3d95703145c233953440d9b371a4
syn_setup_00797.jpg,syn_setup_00797.jpg,14912ab386a38e159e98074b2d30d646
syn_setup_00800.jpg,syn_setup_00800.jpg,f29966680c6195045afdb04f4c42aa57
syn_setup_00809.jpg,syn_setup_00809.jpg,7ea4010810c04256e92c00d2ce2d5a3f
syn_setup_00825.jpg,syn_setup_00825.jpg,a49e21f85c60104ca89a699ab521c134
syn_setup_00829.jpg,syn_setup_00829.jpg,579f418ef6b78ad8698fa5e6891b9a34
syn_setup_00834.jpg,syn_setup_00834.jpg,e6229d1570a8c2292de6b4b6655ae200
syn_setup_00845.jpg,syn_setup_00845.jpg,1f61eca748510428dfe8999e4f012e2c
syn_setup_00868.jpg,syn_setup_00868.jpg,45a788b5f244fb88cb7a7ee2dca73a62
syn_setup_00877.jpg,syn_setup_00877.jpg,85a81b55a3799962a97c46f3fd0b15cd
syn_setup_00886.jpg,syn_setup_00886.jpg,ded94b9144268458139a7ca45cdfb229
syn_setup_00891.jpg,syn_setup_00891.jpg,63d1c1057d67a28e25b1d324e27e5a04
syn_setup_00893.jpg,syn_setup_00893.jpg,3d9d76654f60823337f528d36a120be0
syn_setup_00896.jpg,syn_setup_00896.jpg,7f427263469dae2520e571db0c4764c4
syn_setup_00912.jpg,syn_setup_00912.jpg,b9a1ed171d22a1b41526fe2b1637362d
syn_setup_00915.jpg,syn_setup_00915.jpg,6d0bdebdc266d50d1a601eec6ccc5243
syn_setup_00922.jpg,syn_setup_00922.jpg,4f4311ea5de00e0164588957460e5da0
syn_setup_00923.jpg,syn_setup_00923.jpg,8e8abffef2d776a0b891b79639591e6e
syn_setup_00928.jpg,syn_setup_00928.jpg,6e70bccfb8a9edace956484cacb64a22
syn_setup_00940.jpg,syn_setup_00940.jpg,961e39713f3c91940944690367a40dd4
syn_setup_00947.jpg,syn_setup_00947.jpg,bba94c9de4b59c29b7a50a21ce295b6a
syn_setup_00961.jpg,syn_setup_00961.jpg,5c5889ffcb49a7451631d6b537fef0e6
syn_setup_00970.jpg,syn_setup_00970.jpg,f46113e89bfefdfd4251fbabb124f10c
syn_setup_00971.jpg,syn_setup_00971.jpg,8005eb1972e250f43656ff7e2ee50cc4
syn_setup_00972.jpg,syn_setup_00972.jpg,001013a17a22e028763fb82e6f57b9f4
syn_setup_00979.jpg,syn_setup_00979.jpg,38dbc108a0e0e7aea4a76b9b0ad0bb89
syn_setup_00987.jpg,syn_setup_00987.jpg,2a055f0473fad92fd5ae2652e1527e81
syn_setup_00995.jpg,syn_setup_00995.jpg,4cd72b9d8a677e1fdf2169b9add35b8e
syn_setup_00996.jpg,syn_setup_00996.jpg,f0f03ce8e9162ab2a46074ad5cabac9c
syn_setup_01029.jpg,syn_setup_01029.jpg,6d167c79ed5153334763b5d19acdd981
syn_setup_01039.jpg,syn_setup_01039.jpg,fe8e2b099698a5d2336717fb9eefe9bd
syn_setup_01041.jpg,syn_setup_01041.jpg,dedd9f7d46e25692f55da1c2bc422fc3
syn_setup_01046.jpg,syn_setup_01046.jpg,6ad166daede544130a6bafc36e869d05
syn_setup_01049.jpg,syn_setup_01049.jpg,d79b1fb447488a55184d9cb40c9a43f6
syn_setup_01052.jpg,syn_setup_01052.jpg,8ab03897d2eb4acc2d4c6b46f1efc05a
syn_setup_01053.jpg,syn_setup_01053.jpg,e40696f868bf698d592029da38021d9a
syn_setup_01058.jpg,syn_setup_01058.jpg,f77f6eb565c1b658f586a70b838d659a
syn_setup_01069.jpg,syn_setup_01069.jpg,7c5255ab2617f7341a0f75337014b6d2
syn_setup_01072.jpg,syn_setup_01072.jpg,47c3c620b10a1964acf3f400b667001a
syn_setup_01075.jpg,syn_setup_01075.jpg,108aaafc09cc009e13fc314c87d610f3
syn_setup_01086.jpg,syn_setup_01086.jpg,ffdc9816fbee74fccc9a51fd582cb6f3
syn_setup_01092.jpg,syn_setup_01092.jpg,428a87cdea6bdcc556f4a8804ce55c6c
syn_setup_01095.jpg,syn_setup_01095.jpg,706094d60f0df6ae9d04567c169de0d9
syn_setup_01109.jpg,syn_setup_01109.jpg,4ed683b46901d65cbe51d6e209155576
syn_setup_01128.jpg,syn_setup_01128.jpg,33d8c1e1f9493d8d162713f7c6bec384
syn_setup_01139.jpg,syn_setup_01139.jpg,83b4fd0a87781e6e9b70037fbdf343a5
syn_setup_01143.jpg,syn_setup_01143.jpg,d5b0d0415e8878e90b06f6f6f01d03b8
syn_setup_01149.jpg,syn_setup_01149.jpg,63ba97dbb5772166d48f69291ad309f3
syn_setup_01152.jpg,syn_setup_01152.jpg,e70fbe7dcff340c8bafaf4b4a4043065
syn_setup_01157.jpg,syn_setup_01157.jpg,4b3de39bc57e9ce014555bbf249ec54e
syn_setup_01158.jpg,syn_setup_01158.jpg,b00674ab882a9fa3dd3101aa422c7b67
syn_setup_01162.jpg,syn_setup_01162.jpg,e8970170ac1bb0e5dc5c6fa3a8b8444a
syn_setup_01168.jpg,syn_setup_01168.jpg,ed80ebe36deea42386fa1fe07de7714d
syn_setup_01174.jpg,syn_setup_01174.jpg,7a0271a75a1b58f23a9a35dd8978eb63
syn_setup_01177.jpg,syn_setup_01177.jpg,0ee635ac27805a3d31531dfa3a3a2de0
syn_setup_01179.jpg,syn_setup_01179.jpg,7668bec0704d226202ce39a47682c54d
syn_setup_01182.jpg,syn_setup_01182.jpg,4efaf69d348301d57c706289f4761799
syn_setup_01184.jpg,syn_setup_01184.jpg,40d3ca298c6ee0ba81611feb9f592cf3
syn_setup_01186.jpg,syn_setup_01186.jpg,ef83226257260c02bb0b134383f82480
syn_setup_01194.jpg,syn_setup_01194.jpg,0d5d2797e1f592afe230efd7964692da
syn_setup_01195.jpg,syn_setup_01195.jpg,53d1986c90f9868c28427ed929b65cfa
syn_setup_01196.jpg,syn_setup_01196.jpg,490134a8fb56fbc4f6c0673580012345
syn_setup_01197.jpg,syn_setup_01197.jpg,13c417458efd3939cafc41f2a5b2552f
